"Remove_Group","optGrpID","optGrpName","optGrpName2","optGrpName3","optGrpWorkingName","optType","optFlags","optGrpSelect"
"0","1358","Optional Fittings","","","1/4NPT","-2","0","1"
"0","1646","Thread Type","","","1/4NPT Flake King","2","0","1"
"0","1359","Optional Fittings","","","1/4NPT+1/8","-2","0","1"
"0","1360","Optional Fittings","","","1/4NPT-only","-2","0","1"
"0","810","Optional Accessories","","","106-049","-2","4","1"
"0","302","Please Select","","","16OZ","2","0","1"
"0","654","Choose Size","","","1992 Lettering Brush","2","0","1"
"0","299","Please Select","","","2OZ","2","0","1"
"0","1260","Please Select","","","2OZ PET","2","0","1"
"0","1365","Select Color","","","2oz Training Kit Lumilor","2","4","1"
"0","874","Select Size","","","3M 0652 Tape","2","0","1"
"0","1145","Select Size","","","3M 16615 Accuspray Head 1.2","2","0","1"
"0","1245","Select Size","","","3M 363 Poly Tape","2","0","1"
"0","505","Select Quantity","","","3M 5527","2","0","1"
"0","733","Select Size","","","3M Blue Painters Tape","2","0","1"
"0","492","Select Grit","","","3M Finish","2","0","1"
"0","494","Select Grit","","","3M Gold Disk (125)","2","0","1"
"0","495","Select Grit","","","3M Gold Disk (75)","2","0","1"
"0","969","Select Grit","","","3M Gold Disk (75)","2","0","1"
"0","493","Select Grit","","","3M Gold Sheet","2","0","1"
"0","491","Select Grit","","","3M Hookit","2","0","1"
"0","350","Select Size","","","3M Masking","2","0","1"
"0","667","Choose Size","","","3M Perfect It Rubbing Compound","2","0","1"
"0","1119","Select Size","","","3M PPS 16000","2","0","1"
"0","1120","Select Size","","","3M PPS 16024","2","0","1"
"0","1121","Select Size","","","3M PPS 16028","2","0","1"
"0","1129","Select Size","","","3M PPS 16065","2","0","1"
"0","1130","Select Size","","","3M PPS 16066","2","0","1"
"0","1131","Select Size","","","3M PPS 16091","2","0","1"
"0","1122","Select Size","","","3M PPS 16112","2","0","1"
"0","1123","Select Size","","","3M PPS 16114","2","0","1"
"0","1124","Select Size","","","3M PPS 16301","2","0","1"
"0","1125","Select Size","","","3M PPS 16312","2","0","1"
"0","1126","Select Size","","","3M PPS 16314","2","0","1"
"0","1127","Select Size","","","3M PPS 16325","2","0","1"
"0","1128","Select Size","","","3M PPS 16328","2","0","1"
"0","603","Choose Size","","","3M Swirl Remover","2","0","1"
"0","806","Select Grit","","","3M Trizact","2","0","1"
"0","604","Choose Size","","","3M Ultrafina SE","2","0","1"
"0","353","Select Grit","","","3M Wet/Dry","2","0","1"
"0","656","Choose Size","","","3M Xtra Cut Rubbing Compound","2","0","1"
"0","967","Select Size","","","3M Yellow Automotive Tape","2","0","1"
"0","697","Choose Size","","","4006L","2","0","1"
"0","865","Choose Size","","","4012 Reducer","2","0","1"
"0","1424","Choose Size","","","4012 Reducer *O/S Sizes*","2","0","1"
"0","1008","Choose Size","","","4020 Reducer","2","0","1"
"0","1003","Choose Size","","","4030 Intercoat","2","0","1"
"0","1135","Choose Size","","","4040 Bleed Checker","2","0","1"
"0","1285","Choose Size","","","4050 UVLS Gloss","2","0","1"
"0","1286","Choose Size","","","4051 UVLS Satin","2","0","1"
"0","1287","Choose Size","","","4052 UVLS Matte","2","0","1"
"0","1621","Choose Size","","","4053 UVLS Gloss","2","0","1"
"0","1486","Choose Size","","","44434 Virus II","2","0","1"
"0","300","Please Select","","","4OZ","2","0","1"
"0","1073","LUMICOLR","","","4oz Bundle Lumicolor","2","4","0"
"0","1188","LUMICOLOR","","","4oz Bundle Lumilor","2","0","0"
"0","1258","Please Select","","","4OZ PET","2","0","1"
"0","1184","Select Color","","","4oz PRO Bundle Lumilor","2","4","1"
"0","1183","Select Color","","","4oz PRO Training Kit Lumilor","2","4","1"
"0","1153","Select Color","","","4oz Training Kit Lumilor","2","4","1"
"0","1244","Select Size","","","5087 Illustration Op. Set","2","0","1"
"0","540","Select Size","","","5400C","2","0","1"
"0","19","Sizes","","","5618 Cleaner","2","0","1"
"0","356","Select Size","","","5900","2","0","1"
"0","524","Select Size","","","7102 High Teck","2","0","1"
"0","361","Select Quantity","","","7447","2","0","1"
"0","362","Select Quantity","","","7448","2","0","1"
"0","522","Select Size","","","77165 High Teck","2","0","1"
"0","1070","Select Size","","","77165 High Teck KIT","2","0","1"
"0","301","Please Select","","","8OZ","2","0","1"
"0","1150","Select Color","","","8oz Bundle Lumilor","2","4","1"
"0","1259","Please Select","","","8OZ PET","2","0","1"
"0","1185","Select Color","","","8oz PRO Bundle Lumilor","2","4","1"
"0","1047","Select Options","","","9500","2","0","1"
"0","1048","Select Options","","","9520","2","0","1"
"0","843","Optional Accessories","","","AC7 Cleaning","-2","0","0"
"0","840","Optional Accessories","","","Accessories-T Shirt Kits (AC-7)","-4","0","0"
"0","712","Advantage Reducer","","","Advantage Reducer","2","0","1"
"0","710","Choose Color","","","Advantage Single Stage","2","0","1"
"0","666","Choose Paint","","","Advantage Wax and Grease","2","0","1"
"0","531","Select Thread Size","","","AF20","2","0","1"
"0","141","Compounds & Sizes","","","Air Eraser Compound","2","0","1"
"0","418","Select Gun Size","","","Air Gunsa HVLP","2","0","1"
"0","419","Select Gun Size","","","Air Gunsa Non HVLP","2","0","1"
"0","1044","Airbrush Case","","","Airbrush Case FREE","2","0","1"
"0","1356","Select Color","","","Airbrush Grips","2","0","1"
"0","1660","Select Size","","","AISGT Shirt","2","0","1"
"0","528","Select Size","","","AJ Extreme","2","0","1"
"0","527","Select Size","","","AJ Mini","2","0","1"
"0","1206","FREE ACCESSORIES","","","Alpha 6 Free Accessories Black Friday","-2","4","0"
"0","1208","Choose Size","","","Alpha6 - 01","2","0","1"
"0","1209","Choose Size","","","Alpha6 - 02","2","0","1"
"0","1210","Choose Size","","","Alpha6 - 03","2","0","1"
"0","1211","Choose Size","","","Alpha6 - 04","2","0","1"
"0","1212","Choose Size","","","Alpha6 - 05","2","0","1"
"0","1213","Choose Size","","","Alpha6 - 06","2","0","1"
"0","1214","Choose Size","","","Alpha6 - 07","2","0","1"
"0","1215","Choose Size","","","Alpha6 - 08","2","0","1"
"0","1216","Choose Size","","","Alpha6 - 09","2","0","1"
"0","1217","Choose Size","","","Alpha6 - 10","2","0","1"
"0","1218","Choose Size","","","Alpha6 - 11","2","0","1"
"0","1219","Choose Size","","","Alpha6 - 12","2","0","1"
"0","1220","Choose Size","","","Alpha6 - 13","2","0","1"
"0","1221","Choose Size","","","Alpha6 - 14","2","0","1"
"0","1222","Choose Size","","","Alpha6 - 15","2","0","1"
"0","1223","Choose Size","","","Alpha6 - 16","2","0","1"
"0","1232","Choose Size","","","Alpha6 - Black/White","2","0","1"
"0","1237","Choose Size","","","Alpha6 - Black/White (No 4oz Can)","2","0","1"
"0","1238","Choose Size","","","Alpha6 - Black/White (NO Cans)","2","0","1"
"0","1233","Choose Size","","","Alpha6 - Colors","2","0","1"
"0","1235","Choose Size","","","Alpha6 - Colors (No 4oz Can)","2","0","1"
"0","1236","Choose Size","","","Alpha6 - Colors (NO Cans)","2","0","1"
"0","1614","Choose Size","","","Alpha6 - Colors 2.5O/S","2","0","1"
"0","1615","Choose Size","","","Alpha6 - Colors 5.5O/S","2","0","1"
"0","1266","Choose Size","","","Alpha6 - Colors 5oz Bottle ONLY","2","0","1"
"0","1291","Choose Size","","","Alpha6 - Electroshock 5oz Bottle ONLY","2","0","1"
"0","1292","Choose Size","","","Alpha6 - Electroshock Bottles ONLY","2","0","1"
"0","1243","Choose Size","","","Alpha6 - Metallic Gold (NO Cans)","2","0","1"
"0","1234","Choose Size","","","Alpha6 - Metallic Silver (NO Cans)","2","0","1"
"0","1438","Select Size","","","Aluminum Bases 32oz","2","0","1"
"0","1439","Select Size","","","Aluminum Bases 4/32","2","0","1"
"0","1436","Select Size","","","Aluminum Bases 4oz","2","0","1"
"0","532","Select Size","","","AMG","2","0","1"
"0","601","Choose Size","","","Anest Iwata Spray Gun Lube","2","0","1"
"0","1343","Select Size","","","Anest Iwata Spray Suit","2","0","1"
"0","1377","Choose Size","","","AOLN","2","0","1"
"0","1340","Choose Size","","","AP01 Adhesion Promoter","2","0","1"
"0","696","Choose Size","","","Aquaflow Retarder","2","0","1"
"0","533","Select Gauge Style","","","AR20","2","0","1"
"0","344","Select Size","","","Architec Scales","2","0","1"
"0","346","Select Size","","","Art Mask","2","0","1"
"0","845","Kit Option","","","ASK-1 Kit","2","0","1"
"0","846","Kit Option","","","ASK-3 Kit","2","0","1"
"0","847","Kit Option","","","ASK-4 Kit","2","0","1"
"0","975","Select Gun Model","","","Aurora III","-2","0","1"
"0","1072","Select Size","","","Auto Borne Sealer Transparent","2","0","1"
"0","908","Select Size","","","Auto Borne Sealers","2","0","1"
"0","1338","Select Size","","","Auto Borne Sealers 16/32","2","0","1"
"0","1109","Select Size","","","Auto Borne Sealers w/ 2oz","2","0","1"
"0","794","Automask","","","Automask","2","0","1"
"0","530","Select Gauge Style","","","AW20","2","0","1"
"0","371","Select Size","","","Badger Jars","2","0","1"
"0","916","<font color=""AB0000"">Cyber Monday Sale</font>","","","Black Friday","-2","4","0"
"0","1268","Black Ops PROMO","","","Black Ops Coating ( FREE COATING - Micron)","-2","0","0"
"0","1270","Black Ops PROMO - FREE COATING","","","Black Ops Coating ( FREE COATING Micron - No Pics)","-2","0","0"
"0","1269","Black Ops PROMO 1/2 OFF","","","Black Ops Coating ( PROMO / 1/2 OFF ECL2000)","-2","0","0"
"0","1272","Black Ops PROMO 1/2 OFF","","","Black Ops Coating ( PROMO / 1/2 OFF Micron - No Pics)","-2","0","0"
"0","1271","Black Ops PROMO 1/2 OFF -","","","Black Ops Coating ( PROMO / 1/2 OFF Micron)","-2","0","0"
"0","1091","Black Ops PROMO 1/2 OFF","","","Black Ops Coating ( PROMO / 1/2 OFF)","-2","0","0"
"0","1010","Black Ops Coating","","","Black Ops Coating (NO price / Promo - PART NUMBERS AND BRUSHES NEED TO BE ADDED STILL)","-2","0","1"
"0","1011","Black Ops Coating","","","Black Ops Coating (with price) NO PICS","-2","0","0"
"0","1103","Black Ops Coating","","","Black Ops Coating C+ (with price)","-2","0","0"
"0","1012","*SPECIAL* FREE Black Ops Coating","","","Black Ops KCM Coating (no price PROMO)","-2","0","1"
"0","1092","Black Ops Coating","","","Black Ops KCM Coating (With Price)","-2","0","0"
"0","852","<font color=""b00000"">FREE Template</font>","","","Blasted-FX","2","0","1"
"0","743","Choose Size","","","Bobbo 7800","2","0","1"
"0","796","Sizes Available","","","Bobbo-LongBob","2","0","1"
"0","496","Sizes Available","","","Bobbo-Mack","2","0","1"
"0","274","Bottles Available","","","Bottles-VL","2","0","1"
"0","374","Select Length","","","BT-Hose","2","0","1"
"0","802","Please Select","","","Buff N Shine Adapt","2","0","1"
"0","699","Choose Size","","","Bulldog Adhesion Promoter","2","0","1"
"0","588","Please Select","","","C145","2","0","1"
"0","589","Please Select","","","C160","2","0","1"
"0","815","Available Accessories","","","CAAIRTOOLSQDSET","2","0","1"
"0","1002","Choose Size","","","Candy2o","2","0","1"
"0","593","F-Bomb","","","Choose-Bomb","2","0","1"
"0","1651","Select Size","","","Clean Armor Auto 327","2","0","1"
"0","1649","Select Size","","","Clean Armor Auto 427","2","0","1"
"0","1650","Select Size","","","Clean Armor Auto 454","2","0","1"
"0","1652","Select Size","","","Clean Armor Composite 7004","2","0","1"
"0","1653","Select Size","","","Clean Armor Composite 7033","2","0","1"
"0","1654","Select Size","","","Clean Armor Composite 7050","2","0","1"
"0","587","Select Size","","","Coast Hats","2","0","1"
"0","1159","Select Size","","","Coast Hats L/XL Only","2","0","1"
"0","1158","Select Size","","","Coast Hats S/M Only","2","0","1"
"0","1352","Select Size","","","Coast T's (M/L/2X)","2","0","1"
"0","1392","Select Size","","","Coast T's (No M)","2","0","1"
"0","1169","Select Size","","","Coast T's (No S/L)","2","0","1"
"0","1482","Select Size","","","Coast T's (No S/M)","2","0","1"
"0","1484","Select Size","","","Coast T's (No S/M/L)","2","0","1"
"0","1019","Select Size","","","Coast T's 2X/3X/OS","2","0","1"
"0","582","Select Size","","","Coast T's All","2","0","1"
"0","1617","Select Size","","","Coast T's All (L-2X)","2","0","1"
"0","1620","Select Size","","","Coast T's All (M, XL, 2X)","2","0","1"
"0","1144","Select Size","","","Coast T's All (No 3X)","2","0","1"
"0","1226","Select Size","","","Coast T's All (No S/3X)","2","0","1"
"0","1357","Select Size","","","Coast T's All (S-4X)","2","0","1"
"0","1470","Select Size","","","Coast T's All (S-4X) L-O/S","2","0","1"
"0","1146","Select Size","","","Coast T's All (S-XL)","2","0","1"
"0","1622","Select Size","","","Coast T's All (XL, 2X)","2","0","1"
"0","1387","Select Size","","","Coast T's FLAKE All","2","0","1"
"0","1138","Select Size","","","Coast T's L","2","0","1"
"0","1353","Select Size","","","Coast T's L/XL","2","0","1"
"0","1140","Select Size","","","Coast T's L/XL/2X/3X","2","0","1"
"0","1137","Select Size","","","Coast T's M/L/XL","2","0","1"
"0","1157","Select Size","","","Coast T's M/XL","2","0","1"
"0","1171","Select Size","","","Coast T's M/XL/3XL","2","0","1"
"0","1139","Select Size","","","Coast T's S/OS","2","0","1"
"0","1351","Select Size","","","Coast T's SMALL only","2","0","1"
"0","683","Please Select","","","Coast Vinyl Mask","2","0","1"
"0","583","Select Size","","","Coast Workshirt","2","0","1"
"0","1658","Select Size","","","COASTSHIRT-CAG","2","0","1"
"0","1659","Select Size","","","COASTSHIRT-CAGR","2","0","1"
"0","1655","Select Size","","","COASTSHIRT-CA-GREEN","2","0","1"
"0","1656","Select Size","","","COASTSHIRT-FMD","2","0","1"
"0","1631","Select Size","","","COASTSHIRT-MCB","2","0","1"
"0","1629","Select Size","","","COASTSHIRT-MCW","2","0","1"
"0","1657","Select Size","","","COASTSHIRT-SCR","2","0","1"
"0","1632","Select Size","","","COASTSHIRT-TBW","2","0","1"
"0","606","Select Size","","","Color Horizons Base Colors 1","2","0","1"
"0","607","Select Size","","","Color Horizons Base Colors 2","2","0","1"
"0","608","Select Size","","","Color Horizons Base Colors 3","2","0","1"
"0","609","Select Size","","","Color Horizons Candy Concentrates","2","0","1"
"0","617","Select Size","","","Color Horizons EXEMPT Fast Reducer","2","0","1"
"0","616","Select Size","","","Color Horizons EXEMPT Medium Reducer","2","0","1"
"0","615","Select Size","","","Color Horizons EXEMPT Slow Reducer","2","0","1"
"0","612","Select Size","","","Color Horizons Fast Reducer","2","0","1"
"0","610","Select Size","","","Color Horizons Hyperbase 1","2","0","1"
"0","611","Select Size","","","Color Horizons Hyperbase 2","2","0","1"
"0","613","Select Size","","","Color Horizons Medium Reducer","2","0","1"
"0","650","Select Size","","","Color Horizons Mix Clear","2","0","1"
"0","614","Select Size","","","Color Horizons Slow Reducer","2","0","1"
"0","973",".18mm Conversion Set","","","Conversion .18mm Micron","-2","0","0"
"0","974",".18mm Conversion Set","","","Conversion .18mm Micron (sig series)","-2","0","0"
"0","1020",".23mm Conversion Set","","","Conversion .23mm Micron","-2","0","0"
"0","861",".2mm Conversion Set","","","Conversion .2mm Hi Line","-2","0","0"
"0","928",".2mm Conversion Set","","","Conversion .2mm Plus","-2","0","0"
"0","658",".35mm Conversion Set","","","Conversion .35mm Eclipse","-2","0","0"
"0","1025",".35mm Conversion Set","","","Conversion .35mm NEO","-2","0","0"
"0","918",".3mm Conversion Set","","","Conversion .3mm Hi-Line","-2","0","0"
"0","1021",".3mm Conversion Set","","","Conversion .3mm Revolution","-2","0","0"
"0","1024",".3mm Conversion Set","","","Conversion .3mm Revolution TR","-2","0","0"
"0","860",".5mm Conversion Set","","","Conversion .5mm Eclipse","-2","0","0"
"0","1029",".5mm Conversion Set (Coated)","","","Conversion .5mm Eclipse Coated","-2","0","0"
"0","1026",".5mm Conversion Set","","","Conversion .5mm NEO","-2","0","0"
"0","1022",".5mm Conversion Set","","","Conversion .5mm Revolution","-2","0","0"
"0","1023",".5mm Conversion Set","","","Conversion .5mm Revolution TR","-2","0","0"
"0","358","Select Size","","","Coverall","2","0","1"
"0","941","Vintage Flatz","","","CP3820","2","0","1"
"0","939","Vintage Flatz","","","CP5810","2","0","1"
"0","945","Vintage Flatz","","","CP5825","2","0","1"
"0","947","Vintage Flatz","","","CP5845","2","0","1"
"0","944","Vintage Flatz","","","CP5855","2","0","1"
"0","942","Vintage Flatz","","","CP5865","2","0","1"
"0","946","Vintage Flatz","","","CP5875","2","0","1"
"0","943","Vintage Flatz","","","CP5885","2","0","1"
"0","910","Select Size","","","Createx Adhesion 5092","2","0","1"
"0","1162","Select Size","","","Createx Cross-Linker 4015/4016","2","0","1"
"0","828","Sizes Available","","","Createx Illustration","2","0","1"
"0","1641","Sizes Available","","","Createx Illustration BERLIN COLORS","2","0","1"
"0","1240","Sizes Available","","","Createx Illustration Black 5051","2","0","1"
"0","1290","Sizes Available","","","Createx Illustration CMYK","2","0","1"
"0","1289","Sizes Available","","","Createx Illustration Neutral Grey","2","0","1"
"0","539","Select Fitting","","","Createx Male","2","0","1"
"0","905","Please Select","","","Createx Tshirts","2","0","1"
"0","1108","Please Select","","","Createx Tshirts (L/2X)","2","0","1"
"0","1107","Please Select","","","Createx Tshirts (L/XL)","2","0","1"
"0","1099","Please Select","","","Createx Tshirts (L/XL/2X)","2","0","1"
"0","1106","Please Select","","","Createx Tshirts (XL/2X)","2","0","1"
"0","1257","Please Select","","","Createx Vinny Shirt","2","0","1"
"0","1494","Please Select","","","Createx Vinny Shirt (L ONLY)","2","0","1"
"0","911","Crown Cap Upgrade","","","Crown Upgrade-HPA, B, SB","-2","0","0"
"0","797","Select Size","","","CSI Ceram-X","2","0","1"
"0","798","Select Size","","","CSI D1","2","0","1"
"0","799","Select Size","","","CSI Wax","2","0","1"
"0","1619","Additional Cups","","","Cups TH12","-2","0","0"
"0","343","Select Size","","","Cutting Mat","2","0","1"
"0","438","Select Mat","","","Cutting Mats","2","0","1"
"0","341","Select Size","","","Cutting Rails","2","0","1"
"0","507","Select Size","","","Dagr Cups","2","0","1"
"0","512","Select Hose","","","DAGR hoses","2","0","1"
"0","332","Select Size","","","Denim Base","2","0","1"
"0","568","Please Select","","","Dirty Works","2","0","1"
"0","508","Select Color","","","Dura Liners","2","0","1"
"0","518","Select Size","","","Dura Platinum","2","0","1"
"0","731","Choose Size","","","Duraglas","2","0","1"
"0","917","Dura-Lar","","","Dura-Lar","2","0","1"
"0","896","Sizes Available","","","Dux Quick Dry","2","0","1"
"0","897","Sizes Available","","","Dux Slow Dry Dry","2","0","1"
"0","732","Select Size","","","Dynatron Resin","2","0","1"
"0","251","Tray Inserts","","","Easel Tray","2","0","1"
"0","748","Choose Size","","","EBA Manifold","2","0","1"
"0","1152","Select Size","","","EBA Vibe Blk/Wht","2","0","1"
"0","745","Select Size","","","EBA Vibe FX","2","0","1"
"0","744","Select Size","","","EBA Vibe Standard","2","0","1"
"0","1418","Select Color","","","Eclipse Head Wrench","2","0","1"
"0","538","Select Thread","","","ERP","2","0","1"
"0","720","Select Size","","","European Body Art Metallic/Glow","2","0","1"
"0","719","Select Size","","","European Body Art Standard","2","0","1"
"0","659","Choose Size","","","Evercoat Glazing Putty","2","0","1"
"0","1148","Select Color","","","Excel Grip Knife","2","0","1"
"0","729","Select Color","","","Ez Coat","2","0","1"
"0","347","Select Color","","","EZ Grip","2","0","1"
"0","594","Sizes Available","","","F74-76","2","0","1"
"0","363","Select Size","","","Fast Blast","2","0","1"
"0","364","Select Size","","","Fast Blast Complete","2","0","1"
"0","481","Right or Left","","","Fatbob Tank","2","0","1"
"0","1398","Select Size","","","FBS 480 Custom Refinish","2","0","1"
"0","1397","Select Size","","","FBS 481 Production","2","0","1"
"0","813","Select Size","","","FBS AutoGrafix Tape ALL","2","0","1"
"0","1370","Select Size","","","FBS AutoGrafix Tape LARGE 20% Discount","2","0","1"
"0","1369","Select Size","","","FBS AutoGrafix Tape SMALL","2","0","1"
"0","1225","Select Size","","","FBS Blue Mask","2","0","1"
"0","1088","Select Size","","","FBS Gold Mask","2","0","1"
"0","1399","Select Size","","","FBS GREEN Mask","2","0","1"
"0","1049","Select Size","","","FBS K-56","2","0","1"
"0","951","Select Size","","","FBS K-UTG Tape","2","0","1"
"0","814","Select Roll Size","","","FBS ProMask","2","0","1"
"0","927","Select Size","","","FBS PT43","2","0","1"
"0","1066","Select Size","","","FBS PT43 Micro","2","0","1"
"0","1114","Select Model","","","Fender Guitar","2","0","1"
"0","1485","Choose Size","","","Finlan Tshirt","2","0","1"
"0","1643","Optional Moisture Filter","","","Fisheye Filter FULL Flake King","-2","0","0"
"0","1644","Optional MINI Moisture Filter","","","Fisheye Filter MINNOW Flake King","-2","0","0"
"0","1242","Options","","","Fisheye FREE","2","0","1"
"0","1386","Select Size","","","FITYMI-BB","2","0","1"
"0","1630","Select Size","","","FITYMI-T","2","0","1"
"0","1350","Choose Size","","","FK50 Flake Binder","2","0","1"
"0","1383","Choose Size","","","Flake King Corroded Coppa","2","0","1"
"0","1256","Flake/Cut Size","","","Flake King CUT [ALL]","2","0","1"
"0","1252","Jar Size","","","Flake King M/L/D [Show Krome]","2","0","1"
"0","1250","Jar Size","","","Flake King Medium/Large [02-22]","2","0","1"
"0","1253","Jar Size","","","Flake King Medium/Large [Kro. Show Krome]","2","0","1"
"0","1251","Jar Size","","","Flake King Medium/Large [Kromatic $18.18]","2","0","1"
"0","1173","Airbrush Adaptor Options","","","Flake King Options","2","0","1"
"0","1249","Jar Size","","","Flake King Small [FKS01-FKS21]","2","0","1"
"0","1255","Jar Size","","","Flake King Small [Kro. Show Krome]","2","0","1"
"0","1246","Jar Size","","","Flake King Ultra Small [FKU01]","2","0","1"
"0","1247","Jar Size","","","Flake King Ultra Small [FKU02]","2","0","1"
"0","1248","Jar Size","","","Flake King Ultra Small [FKU23]","2","0","1"
"0","1384","Choose Size","","","Flake King Vintage Iron","2","0","1"
"0","1254","Jar Size","","","Flake King XL [Show Krome]","2","0","1"
"0","837","Select Flake Color","","","Flake Option","2","0","1"
"0","464","Select Size","","","Flat Clear","2","0","1"
"0","465","Select Size","","","Flat Clear Hardener","2","0","1"
"0","638","Select Size","","","Flesh Tone Base","2","0","1"
"0","526","Select Color","","","Flesh Tones","2","0","1"
"0","822","Select Size","","","FM35 Tape","2","0","1"
"0","564","Select Color","","","FN","2","0","1"
"0","958","FREE HOSE","","","FREE BT Hose","-2","4","0"
"0","1493","FREE CLEANING BRUSHES","","","FREE H&S Cleaning Brushes","-2","4","0"
"0","1045","Free 10' Hose","","","free Hose Paasche","2","0","1"
"0","959","FREE KEYCHAIN","","","FREE Keychain","-2","4","0"
"0","1371","LIMITED TIME PROMO","","","FREE Nozzles & Cleaner","-2","0","0"
"0","919","<font color=""a70000"">Free Paint Set</font>","","","Free Paint Set Xmas","2","0","1"
"0","342","Select Size","","","Frisk","2","0","1"
"0","803","Please Select Model","","","G6 Model","2","0","1"
"0","1490","Sizes Available","","","GEMTONES: J","2","0","1"
"0","1489","Sizes Available","","","GEMTONES: M","2","0","1"
"0","1492","Sizes Available","","","GEMTONES: N","2","0","1"
"0","1487","Sizes Available","","","GEMTONES: P","2","0","1"
"0","1491","Sizes Available","","","GEMTONES: Q","2","0","1"
"0","1488","Sizes Available","","","GEMTONES: R","2","0","1"
"0","509","Select Amount","","","Gift Card","2","0","1"
"0","924","<font color=""a70000"">Gift Card</font>","","","Gift Card $100","2","0","1"
"0","920","<font color=""a70000"">Gift Card</font>","","","Gift Card $20","2","0","1"
"0","921","<font color=""a70000"">Gift Card</font>","","","Gift Card $45","2","0","1"
"0","922","<font color=""a70000"">Gift Card</font>","","","Gift Card $50","2","0","1"
"0","923","<font color=""a70000"">Gift Card</font>","","","Gift Card $75","2","0","1"
"0","844","Gift Card Shipping","","","Gift Card Shipping","1","0","0"
"0","556","Select Color","","","Gomez","2","0","1"
"0","352","Select Size","","","Green Paper","2","0","1"
"0","413","Select Size","","","Grey Wheel","2","0","1"
"0","826","Optional Blades","","","Grifhold 24-F","-2","0","1"
"0","303","Select Grit","","","Grit-psquares","2","0","1"
"0","216","Available Grits","","","Grits-Virtus","2","0","1"
"0","217","Available Grits","","","Grits-Virtus Carbon","2","0","1"
"0","394","Select Size","","","Gun Holder","2","0","1"
"0","1054","Select FREE Stand","","","GXS24 Stand","2","0","1"
"0","370","Select Size","","","H Glass","2","0","1"
"0","514","Select Length","","","H1921","2","0","1"
"0","580","Sizes","","","HBB","2","0","1"
"0","581","Sizes","","","HBB Sets","2","0","1"
"0","1071","Select Size","","","Helix White Sketch","2","0","1"
"0","373","Select Size","","","Helmet Stand","2","0","1"
"0","1116","Sizes Available","","","Herb Martinez Series 10","2","0","1"
"0","1628","Choose Paint","","","HET 1705 Wax and Grease","2","0","1"
"0","687","Choose Mask","","","Hobbyair 1","2","0","1"
"0","689","Choose Mask","","","Hobbyair Buddy","2","0","1"
"0","1469","Sizes Available","","","HOK KM: Brown Suga SKM60","2","0","1"
"0","1468","Sizes Available","","","HOK KM: Brunette Brown SKM63","2","0","1"
"0","1426","Sizes Available","","","HOK KM: Green Monster S2-Karrier","2","0","1"
"0","1425","Sizes Available","","","HOK KM: Green Monster SG","2","0","1"
"0","1618","Sizes Available","","","HOK KM: Midnight Krome SKM50","2","0","1"
"0","1466","Sizes Available","","","HOK KM: Mr Brownstone SKM61","2","0","1"
"0","1415","Sizes Available","","","HOK KM: Pinkie","2","0","1"
"0","1467","Sizes Available","","","HOK KM: Red Planet SKM62","2","0","1"
"0","1406","Sizes Available","","","HOK KM: Rose Gold","2","0","1"
"0","1389","HOK Reducer","","","HOK Reducer","2","0","1"
"0","1382","Select Size","","","HOK Spray Suit","2","0","1"
"0","868","Select Size","","","HOK-LSTEE","2","0","1"
"0","870","Select Size","","","HOK-PITCREW","2","0","1"
"0","761","Choose Size","","","HOKS2-00","2","0","1"
"0","762","Choose Size","","","HOKS2-01","2","0","1"
"0","763","Choose Size","","","HOKS2-02","2","0","1"
"0","764","Choose Size","","","HOKS2-03","2","0","1"
"0","765","Choose Size","","","HOKS2-04","2","0","1"
"0","766","Choose Size","","","HOKS2-05","2","0","1"
"0","767","Choose Size","","","HOKS2-06","2","0","1"
"0","768","Choose Size","","","HOKS2-07","2","0","1"
"0","769","Choose Size","","","HOKS2-08","2","0","1"
"0","770","Choose Size","","","HOKS2-09","2","0","1"
"0","771","Choose Size","","","HOKS2-10","2","0","1"
"0","772","Choose Size","","","HOKS2-11","2","0","1"
"0","773","Choose Size","","","HOKS2-12","2","0","1"
"0","774","Choose Size","","","HOKS2-13","2","0","1"
"0","775","Choose Size","","","HOKS2-14","2","0","1"
"0","776","Choose Size","","","HOKS2-15","2","0","1"
"0","777","Choose Size","","","HOKS2-16","2","0","1"
"0","887","Choose Size","","","HOKS2-17","2","0","1"
"0","888","Choose Size","","","HOKS2-18","2","0","1"
"0","898","Choose Size","","","HOKS2-BC02 Silvermax","2","0","1"
"0","791","Choose Size","","","HOKS2-BLK/WHT","2","0","1"
"0","1385","Choose Size","","","HOKS2-Coarse-Metallics","2","0","1"
"0","778","Choose Size","","","HOKS2-Kamelions","2","0","1"
"0","1170","Choose Size","","","HOKS2-Kamelions (2oz Only)","2","0","1"
"0","751","Choose Size","","","HOKS2-KD3000","2","0","1"
"0","1354","Choose Size","","","HOKS2-KD3000A","-2","0","1"
"0","850","Choose Size","","","HOKS2-KD3001","2","0","1"
"0","851","Choose Size","","","HOKS2-KD3002","2","0","1"
"0","752","Choose Size","","","HOKS2-KDA3000","2","0","1"
"0","779","Choose Size","","","HOKS2-Kos Sparks","2","0","1"
"0","780","Choose Size","","","HOKS2-Kos Styling $75.95","2","0","1"
"0","1346","Choose Size","","","HOKS2-Kos Styling $80.54","2","0","1"
"0","1347","Choose Size","","","HOKS2-Kosamene $60.55","2","0","1"
"0","784","Choose Size","","","HOKS2-Kosamene $64.16","2","0","1"
"0","756","Choose Size","","","HOKS2-KU152","2","0","1"
"0","1496","Choose Size","","","HOKS2-LE01","2","0","1"
"0","1497","Choose Size","","","HOKS2-LE02","2","0","1"
"0","1498","Choose Size","","","HOKS2-LE03","2","0","1"
"0","1499","Choose Size","","","HOKS2-LE04","2","0","1"
"0","1500","Choose Size","","","HOKS2-LE11","2","0","1"
"0","1501","Choose Size","","","HOKS2-LE12","2","0","1"
"0","1502","Choose Size","","","HOKS2-LE13","2","0","1"
"0","1503","Choose Size","","","HOKS2-LE14","2","0","1"
"0","1504","Choose Size","","","HOKS2-LE15","2","0","1"
"0","1046","Choose Size","","","HOKS2-LEKIT","2","0","1"
"0","781","Choose Size","","","HOKS2-Met-41","2","0","1"
"0","782","Choose Size","","","HOKS2-Met-42","2","0","1"
"0","783","Choose Size","","","HOKS2-Met-43-47","2","0","1"
"0","786","Choose Size","","","HOKS2-Metalume-1","2","0","1"
"0","787","Choose Size","","","HOKS2-Metalume-2","2","0","1"
"0","788","Choose Size","","","HOKS2-Metalume-3","2","0","1"
"0","789","Choose Size","","","HOKS2-Metalume-4","2","0","1"
"0","790","Choose Size","","","HOKS2-Metalume-5","2","0","1"
"0","1388","Choose Size","","","HOKS2-Midnight Series","2","0","1"
"0","753","Choose Size","","","HOKS2-UKK01","2","0","1"
"0","754","Choose Size","","","HOKS2-USC01","2","0","1"
"0","869","Select Size","","","HOK-TSHIRT","2","0","1"
"0","250","Hoses","","","Hose-Iwata","-2","0","0"
"0","970","Hoses","","","Hose-Iwata (no 6)","-2","0","0"
"0","437","Select Size","","","Hot Matz","2","0","1"
"0","1342","Choose Size","","","Hyper FX Auto Air","2","0","1"
"0","1378","Choose Size","","","HYPER SHIFT T1","2","0","1"
"0","1379","Choose Size","","","HYPER SHIFT T2","2","0","1"
"0","1380","Choose Size","","","HYPER SHIFT T3","2","0","1"
"0","1381","Choose Size","","","HYPER SHIFT T4","2","0","1"
"0","1390","Choose Size","","","HYPER SHIFT T5","2","0","1"
"0","1391","Choose Size","","","HYPER SHIFT T6","2","0","1"
"0","1293","Select Size","","","I490","2","0","1"
"0","829","Sizes Available","","","Illustration Base (Createx Illustration Colors)","2","0","1"
"0","1182","Choose Size","","","Illustration Opaque Black","2","0","1"
"0","1181","Choose Size","","","Illustration Opaque White","2","0","1"
"0","830","Sizes Available","","","Illustration Reducer (Createx Illustration Colors)","2","0","1"
"0","579","Select Size","","","IMSR","2","0","1"
"0","536","Select Thread","","","IRP","2","0","1"
"0","1267","Iwata Keychain","","","Iwata Keychain","-2","0","0"
"0","1341","Optional Micro Regulator","","","Iwata Mac Valve Addition","-2","0","0"
"0","1207","FREE ACCESSORIES","","","Iwata Micron Case and Hose Black Friday","-2","4","0"
"0","805","Select Adapter","","","J-003","2","0","1"
"0","876","Select Size/Option","","","JATech Blue Hoses","2","0","1"
"0","875","Select Size/Option","","","JATech Green Hoses","2","0","1"
"0","881","Select Fitting Type","","","JATech Hi-Flo Female Coupler","2","0","1"
"0","879","Select Fitting Type","","","JATech Hi-Flo Male","2","0","1"
"0","878","Select Fitting Type","","","JATech Hi-Flo Swivel","2","0","1"
"0","880","Select Fitting Type","","","JATech M-Style Stainless Male","2","0","1"
"0","886","Select Fitting Type","","","JATech M-Style Zinc Male","2","0","1"
"0","877","Select Size/Option","","","JATech Red Hoses","2","0","1"
"0","883","Select Fitting Type","","","JATech Steel Standard Grade Female Coupler","2","0","1"
"0","884","Select Fitting Type","","","JATech T-Style Stainless Male","2","0","1"
"0","885","Select Fitting Type","","","JATech T-Style Zinc Male","2","0","1"
"0","882","Select Fitting Type","","","JATech Universal Standard Female Coupler","2","0","1"
"0","1180","Kustom Grip Handle","","","K200 Kustom Handle Option","-2","0","0"
"0","534","Select Gauge","","","K40","2","0","1"
"0","759","Select Size","","","Kafka Kwills","2","0","1"
"0","758","Select Size","","","Kafka Liners","2","0","1"
"0","410","Select Block","","","K-Blocks","2","0","1"
"0","817","KKTS Shipping","","","KKTS Shipping","2","0","1"
"0","816","KKW Shipping","","","KKW Shipping","2","0","1"
"0","735","Select Size","","","Klean Strip Acetone","2","0","1"
"0","734","Select Size","","","Klean Strip Lacquer Thinner","2","0","1"
"0","128","Sizes Available","","","KOP-1oz","2","0","1"
"0","433","Select Size","","","KOP-All","2","0","1"
"0","633","Choose Size","","","Lazer Line Black Plague","2","0","1"
"0","629","Choose Size","","","Lazer Line Brush 3","2","0","1"
"0","631","Choose Size","","","Lazer Line Cabriolet Brushes","2","0","1"
"0","636","Choose Size","","","Lazer Line Green with Envy","2","0","1"
"0","632","Choose Size","","","Lazer Line Nuclear Fall Out","2","0","1"
"0","630","Choose Size","","","Lazer Line Original Striping Brush Head","2","0","1"
"0","637","Choose Size","","","Lazer Line Quill","2","0","1"
"0","634","Choose Size","","","Lazer Line Scarlet Fever","2","0","1"
"0","635","Choose Size","","","Lazer Line The Golden Boys","2","0","1"
"0","1475","Select Size","","","LK Topcoats - FACTORY","2","0","1"
"0","544","Select Size","","","LM3610","2","0","1"
"0","1095","Select Color","","","Lumilor 4oz Color","2","4","1"
"0","1080","Select Color","","","Lumilor 8oz color","2","4","1"
"0","1228","Sample Color","","","Lumilor Car Shapes","2","0","0"
"0","1229","Sample Color","","","Lumilor Color Panel","2","0","0"
"0","1186","Select Color","","","Lumilor PRO 4oz Color","2","4","1"
"0","1187","Select Color","","","Lumilor PRO 8oz color","2","4","1"
"0","1230","Sample Color","","","Lumilor Vinyl Sample","2","0","0"
"0","400","Select Size","","","M0116","2","0","1"
"0","404","Select Size","","","M0316","2","0","1"
"0","406","Select Size","","","M0616","2","0","1"
"0","405","Select Size","","","M0716","2","0","1"
"0","403","Select Size","","","M0916","2","0","1"
"0","407","Select Size","","","M2016","2","0","1"
"0","408","Select Size","","","M3416","2","0","1"
"0","402","Select Size","","","M8032","2","0","1"
"0","401","Select Size","","","M8232","2","0","1"
"0","399","Select Size","","","M8332","2","0","1"
"0","398","Select Size","","","M8432","2","0","1"
"0","397","Select Size","","","M8532","2","0","1"
"0","434","Select Size","","","M86","2","0","1"
"0","996","Sizes Available","","","Mack Black Widow","2","0","1"
"0","1179","Sizes Available","","","Mack Cornbread Casual","2","0","1"
"0","938","Sizes Available","","","Mack Drag'n Fly","2","0","1"
"0","498","Sizes Available","","","Mack Norris","2","0","1"
"0","1177","Sizes Available","","","Mack Purple Armadillo","2","0","1"
"0","1178","Sizes Available","","","Mack Purple Armadillo - Angle","2","0","1"
"0","497","Sizes Available","","","Mack SLS","2","0","1"
"0","1043","Maintenance Kit","","","Maintenance Kit FREE","2","0","1"
"0","393","Select Size","","","Manifolds","2","0","1"
"0","412","Select Size","","","Maroon Wheel","2","0","1"
"0","416","Select Size","","","Masking Tape","2","0","1"
"0","432","Select Size","","","MBC04","2","0","1"
"0","304","Sizes Available","","","MC Kosmic Krome","2","0","1"
"0","1481","Sizes Available","","","MC Kosmic Krome 01-02","2","0","1"
"0","460","Select Size","","","MDT","2","0","1"
"0","726","mdt buffer","","","mdt buffer","2","0","1"
"0","724","mdt cabanatan","","","mdt cabanatan","2","0","1"
"0","853","Select Size","","","MDTX","2","0","1"
"0","680","Select Size","","","Medea Big Mouth","2","0","1"
"0","365","Select Size","","","Medea Clear","2","0","1"
"0","367","Select Size","","","Medea Glass","2","0","1"
"0","372","Select Size","","","Medea Lids","2","0","1"
"0","366","Select Size","","","Medea Natural","2","0","1"
"0","368","Select Size","","","Medea Side Cups","2","0","1"
"0","354","Select Size","","","Metal Glaze","2","0","1"
"0","907","Select Size","","","mf300","2","0","1"
"0","535","Select Size","","","MIC Manifolds","2","0","1"
"0","1014","Select Model","","","Micron Model (For BO promo)","2","0","1"
"0","1016","<font color=""C40300"">1/2 OFF V1 MICRON</font>","","","Micron Promo","-2","0","1"
"0","1154","Select Length","","","Milton Cobra Hose","2","0","1"
"0","459","Kits","","","Mix & Spray Kits","2","0","1"
"0","510","Select Size","","","Moonsuit","2","0","1"
"0","153","Nailair Options","","","Nailair","2","0","1"
"0","1067","Sizes Available","","","NE HOK Neons (Group1 $135.17)","2","0","1"
"0","1068","Sizes Available","","","NE HOK Neons (Group2 $141.68)","2","0","1"
"0","1416","Select Color","","","Needle Cap Keeper","2","0","1"
"0","1417","Select Style","","","Needle Cap Keeper","2","0","1"
"0","838","Optional Airbrush","","","Optional Airbrush","-2","4","1"
"0","825","Optional Blades","","","Optional Blades","2","0","1"
"0","839","Optional DVD","","","Optional DVD","-2","4","1"
"0","690","Choose Size","","","Paasche Leisure Tan","2","0","1"
"0","841","<font color=""yellow"">Optional:</font> Size Upgrade","","","Paint Sizes","-2","4","0"
"0","893","Additional Quantity","","","Panel Quantity 20612","-2","0","1"
"0","1101","Additional Quantity","","","Panel Quantity 21218","-2","0","1"
"0","1102","Additional Quantity","","","Panel Quantity 21824","-2","0","1"
"0","892","Additional Quantity","","","Panel Quantity Black 1218","-2","0","1"
"0","890","Additional Quantity","","","Panel Quantity Black 1824","-2","0","1"
"0","1100","Additional Quantity","","","Panel Quantity White 1218","-2","0","1"
"0","891","Additional Quantity","","","Panel Quantity White 1824","-2","0","1"
"0","144","H Parts Item #'s 11 thru 16","","","Parts-H 2","2","0","1"
"0","1336","Sizes Available","","","PBC 100-104","2","0","1"
"0","1495","Sizes Available","","","PBC 102","2","0","1"
"0","57","Sizes Available","","","PBC 30","2","0","1"
"0","1319","Sizes Available","","","PBC 31","2","0","1"
"0","1320","Sizes Available","","","PBC 32","2","0","1"
"0","1321","Sizes Available","","","PBC 35","2","0","1"
"0","1322","Sizes Available","","","PBC 36","2","0","1"
"0","1323","Sizes Available","","","PBC 37","2","0","1"
"0","1324","Sizes Available","","","PBC 38","2","0","1"
"0","1325","Sizes Available","","","PBC 39","2","0","1"
"0","1326","Sizes Available","","","PBC 40","2","0","1"
"0","1327","Sizes Available","","","PBC 42","2","0","1"
"0","1328","Sizes Available","","","PBC 43","2","0","1"
"0","1329","Sizes Available","","","PBC 44","2","0","1"
"0","1330","Sizes Available","","","PBC 47","2","0","1"
"0","1331","Sizes Available","","","PBC 48","2","0","1"
"0","1332","Sizes Available","","","PBC 49","2","0","1"
"0","1333","Sizes Available","","","PBC 64","2","0","1"
"0","1334","Sizes Available","","","PBC 65","2","0","1"
"0","1335","Sizes Available","","","PBC 66","2","0","1"
"0","355","Product Selection","","","PCL","2","0","1"
"0","821","Sizes Available","","","Peewee 800","2","0","1"
"0","842","Choose Color","","","Pinstripe Kit Color","2","0","1"
"0","894","Select Size","","","PJ Bomb","2","0","1"
"0","995","Select Size","","","PJ Brush","2","0","1"
"0","993","Select Size","","","PJ Eyeball","2","0","1"
"0","994","Select Size","","","PJ Pump","2","0","1"
"0","992","Select Size","","","PJ Ribon","2","0","1"
"0","991","Select Size","","","PJ Scarab","2","0","1"
"0","895","Select Size","","","PJ Tiki","2","0","1"
"0","1161","Select Size","","","PKG T's All Sizes","2","0","1"
"0","321","Select Color","","","Pounce Bags","2","0","1"
"0","320","Select Color","","","Pounce Powder","2","0","1"
"0","319","Select Size","","","Pounce Wheels","2","0","1"
"0","414","Select Size","","","Practice Pellon","2","0","1"
"0","1172","Pre-Set Handles","","","Pre-Set Handles","-2","0","0"
"0","663","Choose Paint","","","Pro Makeup Kit","2","0","1"
"0","664","Choose Paint","","","Pro Makeup Kit w/ DVD","2","0","1"
"0","925","Sizes","","","ProAir Paint","2","0","1"
"0","926","Sizes","","","ProAir Paint (black/white)","2","0","1"
"0","1151","Select Size","","","Proband Blue","2","0","1"
"0","889","Select Size","","","Proband Green","2","0","1"
"0","351","Select Size","","","Proband Orange","2","0","1"
"0","1111","Select Size","","","Proband Red","2","0","1"
"0","515","Select Size","","","Propel","2","0","1"
"0","727","Select Size","","","Propel Set","2","0","1"
"0","586","Select Model","","","QDA","2","0","1"
"0","914","Quick Connects / Adaptor","","","Quick Connect G3/5","-2","0","1"
"0","1339","Quick Connect Set","","","Quick Connect Set Bishop","-2","0","0"
"0","823","Quick Connects","","","Quick Connects","-2","0","0"
"0","824","Quick Connects","","","Quick Connects 6pk","-2","0","0"
"0","730","Select Size","","","Raven Gloves","2","0","1"
"0","698","Select Size","","","RCGO","2","0","1"
"0","357","Select Size","","","Respro","2","0","1"
"0","1552","Choose Size","","","RONAN L021","2","0","1"
"0","1553","Choose Size","","","RONAN L101","2","0","1"
"0","1557","Choose Size","","","RONAN L105","2","0","1"
"0","1558","Choose Size","","","RONAN L106","2","0","1"
"0","1559","Choose Size","","","RONAN L107","2","0","1"
"0","1560","Choose Size","","","RONAN L108","2","0","1"
"0","1554","Choose Size","","","RONAN L1100","2","0","1"
"0","1555","Choose Size","","","RONAN L1102","2","0","1"
"0","1556","Choose Size","","","RONAN L1104","2","0","1"
"0","1561","Choose Size","","","RONAN L114","2","0","1"
"0","1562","Choose Size","","","RONAN L115","2","0","1"
"0","1563","Choose Size","","","RONAN L116","2","0","1"
"0","1637","Choose Size","","","RONAN L117","2","0","1"
"0","1564","Choose Size","","","RONAN L125","2","0","1"
"0","1565","Choose Size","","","RONAN L129","2","0","1"
"0","1566","Choose Size","","","RONAN L131","2","0","1"
"0","1567","Choose Size","","","RONAN L133","2","0","1"
"0","1568","Choose Size","","","RONAN L135","2","0","1"
"0","1569","Choose Size","","","RONAN L140","2","0","1"
"0","1570","Choose Size","","","RONAN L142","2","0","1"
"0","1571","Choose Size","","","RONAN L143","2","0","1"
"0","1572","Choose Size","","","RONAN L144","2","0","1"
"0","1573","Choose Size","","","RONAN L148","2","0","1"
"0","1638","Choose Size","","","RONAN L149","2","0","1"
"0","1574","Choose Size","","","RONAN L152","2","0","1"
"0","1575","Choose Size","","","RONAN L154","2","0","1"
"0","1576","Choose Size","","","RONAN L155","2","0","1"
"0","1577","Choose Size","","","RONAN L156","2","0","1"
"0","1639","Choose Size","","","RONAN L157","2","0","1"
"0","1578","Choose Size","","","RONAN L158","2","0","1"
"0","1640","Choose Size","","","RONAN L161","2","0","1"
"0","1579","Choose Size","","","RONAN L162","2","0","1"
"0","1580","Choose Size","","","RONAN L164","2","0","1"
"0","1581","Choose Size","","","RONAN L165","2","0","1"
"0","1582","Choose Size","","","RONAN L166","2","0","1"
"0","1583","Choose Size","","","RONAN L180","2","0","1"
"0","1636","Choose Size","","","RONAN LF21","2","0","1"
"0","1421","Select Size","","","RUPES DA COARSE","2","0","1"
"0","1420","Select Size","","","RUPES DA FINE","2","0","1"
"0","1422","Select Size","","","RUPES UNO ALL IN ONE","2","0","1"
"0","1423","Select Size","","","RUPES UNO ULTRA FINE","2","0","1"
"0","541","Select Size","","","Rust Mort","2","0","1"
"0","950","Select Size","","","RZ-Filters","2","0","1"
"0","760","Choose Size","","","RZmask","2","0","1"
"0","871","Select Base Karrier","","","S2 base karrier aerosol","2","0","1"
"0","872","Select S2 FX","","","S2 FX pack Aerosol","2","0","1"
"0","988","Sizes Available","","","S2 SG","2","0","1"
"0","1231","Sizes Available","","","S2-SG105","2","0","1"
"0","674","View Model #","","","Sata Mini Jet 4","2","0","1"
"0","675","View Model #","","","SataJet 3000","2","0","1"
"0","676","View Model #","","","SataJet 3000RP","2","0","1"
"0","957","View Model #","","","SataJet 4000HVLP","2","0","1"
"0","956","View Model #","","","SataJet 4000RP","2","0","1"
"0","952","View Model #","","","SataJet 5000","2","0","1"
"0","953","View Model #","","","SataJet 5000RP","2","0","1"
"0","955","View Model #","","","SataMiniJet 4400 HVLP","2","0","1"
"0","954","View Model #","","","SataMiniJet 4400 RP","2","0","1"
"0","211","Choose Size","","","SBMOIST","2","0","1"
"0","695","Choose Size","","","SBPRIM","2","0","1"
"0","436","Select Scale","","","Scales","2","0","1"
"0","1174","Size Options","","","Scenix Clear Sizes - Gloss","2","0","1"
"0","1175","Size Options","","","Scenix Clear Sizes - Matte","2","0","1"
"0","1176","Size Options","","","Scenix Clear Sizes - Satin","2","0","1"
"0","1283","Size Options","","","Scenix Fluorescent - $57/$190","2","0","1"
"0","1189","Size Options","","","Scenix HIGH PERFORMANCE Sizes - $50/$175","2","0","1"
"0","1190","Size Options","","","Scenix HIGH PERFORMANCE Sizes - $55/$195","2","0","1"
"0","1193","Size Options","","","Scenix Sizes - $23.36/$89","2","0","1"
"0","1204","Size Options","","","Scenix Sizes - $30.19/$115","2","0","1"
"0","1199","Size Options","","","Scenix Sizes - $32.81/$125","2","0","1"
"0","1202","Size Options","","","Scenix Sizes - $35.44/$115","2","0","1"
"0","1192","Size Options","","","Scenix Sizes - 7002","2","0","1"
"0","1195","Size Options","","","Scenix Sizes - 7005","2","0","1"
"0","1196","Size Options","","","Scenix Sizes - 7006","2","0","1"
"0","1197","Size Options","","","Scenix Sizes - 7007","2","0","1"
"0","1198","Size Options","","","Scenix Sizes - 7008","2","0","1"
"0","1200","Size Options","","","Scenix Sizes - 7010","2","0","1"
"0","1201","Size Options","","","Scenix Sizes - 7011","2","0","1"
"0","1203","Size Options","","","Scenix Sizes - 7013","2","0","1"
"0","1205","Size Options","","","Scenix Sizes - 7016","2","0","1"
"0","1265","Size Options","","","Scenix UV - Clear","2","0","1"
"0","1262","Size Options","","","Scenix UV - Green","2","0","1"
"0","1261","Size Options","","","Scenix UV - Red","2","0","1"
"0","1264","Size Options","","","Scenix UV - White","2","0","1"
"0","1263","Size Options","","","Scenix UV - Yellow","2","0","1"
"0","488","Sizes Available","","","Scharff 2100","2","0","1"
"0","489","Sizes Available","","","Scharff 2110","2","0","1"
"0","490","2190","","","Scharff 2190","2","0","1"
"0","506","Select Size","","","Series 1010","2","0","1"
"0","1084","Select Size","","","Series 1111","2","0","1"
"0","660","Choose Size","","","Series 169 Quills","2","0","1"
"0","218","Available Sizes","","","Series 179","2","0","1"
"0","487","Sizes Available","","","Series 179L","2","0","1"
"0","219","Sizes Available","","","Series 189","2","0","1"
"0","486","Sizes Available","","","Series 189L","2","0","1"
"0","242","Sizes Available","","","Series 250","2","0","1"
"0","714","Select Size","","","Series 40","2","0","1"
"0","502","Select Size","","","Series 4031","2","0","1"
"0","503","Select Size","","","Series 4039","2","0","1"
"0","500","Select Size","","","Series 4042","2","0","1"
"0","499","Select Size","","","Series 4055","2","0","1"
"0","501","Select Size","","","Series 4090","2","0","1"
"0","244","Sizes Available","","","Series 70","2","0","1"
"0","713","Sizes Available","","","Series 818","2","0","1"
"0","220","Sizes Available","","","Series 838","2","0","1"
"0","221","Sizes Available","","","Series 839","2","0","1"
"0","529","Select Size","","","Series 840","2","0","1"
"0","599","Sizes Available","","","Series BR3010","2","0","1"
"0","598","Sizes Available","","","Series BR3016","2","0","1"
"0","596","Sizes Available","","","Series BR3017","2","0","1"
"0","597","Sizes Available","","","Series BR3173","2","0","1"
"0","595","Sizes Available","","","Series BR95","2","0","1"
"0","95","Sizes Available","","","SG100","2","0","1"
"0","1478","Sizes Available","","","SG100 SERIES COLORS ALL","2","0","1"
"0","26","Sizes Available","","","SG101","2","0","1"
"0","1294","Sizes Available","","","SG102","2","0","1"
"0","1295","Sizes Available","","","SG103","2","0","1"
"0","1296","Sizes Available","","","SG104","2","0","1"
"0","1297","Sizes Available","","","SG106","2","0","1"
"0","1298","Sizes Available","","","SG108","2","0","1"
"0","1299","Sizes Available","","","SG114","2","0","1"
"0","987","Sizes Available","","","SG115","2","0","1"
"0","439","Select Size","","","SG150","2","0","1"
"0","1042","Shipping","","","Shipping Lumilor ($15)","2","4","1"
"0","1074","Shipping","","","Shipping Lumilor ($20)","2","4","1"
"0","1077","Shipping","","","Shipping Lumilor ($45)","2","4","1"
"0","1082","Shipping","","","Shipping Lumilor ($9)","2","4","1"
"0","1623","Shipping","","","Shipping PANELS ($14.25)","2","4","1"
"0","1624","Shipping","","","Shipping PANELS ($19)","2","4","1"
"0","1461","Shipping","","","Shirt Board Shipping (US/48)","2","4","1"
"0","252","Shirt Board Sizes","","","Shirt Boards","4","0","1"
"0","511","Select Size","","","Shootsuit","2","0","1"
"0","472","Select Size","","","Size-LPH440","2","0","1"
"0","446","Size","","","Size-Mens Vintage","2","0","1"
"0","1147","Sizes","","","Sizes (Createx Clear Coat)","2","0","1"
"0","21","Sizes","","","Sizes (Opaque Base)","2","0","1"
"0","23","Sizes","","","Sizes (Top Coats))","2","0","1"
"0","1419","Size Options","","","Sizes 100 G FINE* O/S","2","0","1"
"0","148","Size Options","","","Sizes 100 LG","2","0","1"
"0","147","Size Options","","","Sizes 100 SF","2","0","1"
"0","145","Size Options","","","Sizes 100 SG","2","0","1"
"0","149","Size Options","","","Sizes 175","2","0","1"
"0","150","Size Options","","","Sizes 2020-1","2","0","1"
"0","151","Size Options","","","Sizes 2020-2","2","0","1"
"0","176","Choose Size","","","Sizes Auto Air 4001-4002","2","0","1"
"0","68","Sizes Available BC","","","Sizes BC Group 1 $100.77","2","0","1"
"0","1348","Sizes Available BC","","","Sizes BC Group 2 $113.09","2","0","1"
"0","66","Sizes Available BC","","","Sizes BC01","2","0","1"
"0","67","Sizes Available BC","","","Sizes BC02 Klassic Mix","2","0","1"
"0","1349","Sizes Available BC","","","Sizes BC03","2","0","1"
"0","121","Sizes Available","","","Sizes DP 23 / DR01,03","2","0","1"
"0","120","Sizes Available","","","Sizes DP 29","2","0","1"
"0","124","Sizes Available","","","Sizes DP 34","2","0","1"
"0","123","Sizes Available","","","Sizes DP 35","2","0","1"
"0","125","Sizes Available","","","Sizes DP 40","2","0","1"
"0","122","Sizes Available","","","Sizes DP 42","2","0","1"
"0","119","Sizes Available","","","Sizes DP19/21/24/28","2","0","1"
"0","109","Sizes Available","","","Sizes F14-F15","2","0","1"
"0","110","Sizes Available","","","Sizes F16-F24","2","0","1"
"0","1480","Sizes Available","","","Sizes F28-32","2","0","1"
"0","111","Sizes Available","","","Sizes F28-F66","2","0","1"
"0","112","Sizes Available","","","Sizes F61","2","0","1"
"0","113","Sizes Available","","","Sizes F70-F73","2","0","1"
"0","72","Sizes Available FBC","","","Sizes FBC01","2","0","1"
"0","292","Sizes Available FBC","","","Sizes FBC03","2","0","1"
"0","1098","Sizes Available FBC","","","Sizes FBC05","2","0","1"
"0","74","Sizes Available FBC","","","Sizes FBC06","2","0","1"
"0","295","Sizes Available FBC","","","Sizes FBC07","2","0","1"
"0","75","Sizes Available FBC","","","Sizes FBC08","2","0","1"
"0","73","Sizes Available FBC","","","Sizes FBC09","2","0","1"
"0","296","Sizes Available","","","Sizes FBC10/12","2","0","1"
"0","76","Sizes Available FBC","","","Sizes FBC11","2","0","1"
"0","22","Sizes","","","Sizes Illustration Base 5608","2","0","1"
"0","126","Sizes Available","","","Sizes IP","2","0","1"
"0","834","Sizes Available","","","Sizes KBC (1,3,5,9,10,12)","2","0","1"
"0","976","Sizes Available","","","Sizes KBC (2,4,6,7,11,13)","2","0","1"
"0","836","Sizes Available","","","Sizes KBC08","2","0","1"
"0","728","Sizes Available","","","Sizes KC10","2","0","1"
"0","80","Sizes Available","","","Sizes KF","2","0","1"
"0","932","Sizes Available","","","Sizes KK $57.16","2","0","1"
"0","1345","Sizes Available","","","Sizes KK $59.75","2","0","1"
"0","1301","Sizes Available","","","Sizes KK $60.27","2","0","1"
"0","1300","Sizes Available","","","Sizes KK $61.39","2","0","1"
"0","1302","Sizes Available","","","Sizes KK $62.93","2","0","1"
"0","934","Sizes Available","","","Sizes KK (25)","2","0","1"
"0","574","Sizes Available","","","Sizes KLG100","2","0","1"
"0","127","Sizes Available","","","Sizes KLG101 & 103","2","0","1"
"0","575","Sizes Available","","","Sizes KLG102","2","0","1"
"0","45","Sizes Available","","","Sizes KP2CF","2","0","1"
"0","129","Sizes Available","","","Sizes KPF100","2","0","1"
"0","131","Sizes Available","","","Sizes KPF102","2","0","1"
"0","132","Sizes Available","","","Sizes KPF103","2","0","1"
"0","133","Sizes Available","","","Sizes KPF104","2","0","1"
"0","43","Colors & Sizes Available","","","Sizes KS","2","0","1"
"0","89","Sizes Available","","","Sizes KU100","2","0","1"
"0","90","Sizes Available","","","Sizes KU150","2","0","1"
"0","91","Sizes Available","","","Sizes KU190","2","0","1"
"0","60","Sizes Available","","","Sizes MB00","2","0","1"
"0","61","Sizes Available","","","Sizes MB01","2","0","1"
"0","62","Sizes Available","","","Sizes MB02","2","0","1"
"0","63","Sizes Available","","","Sizes MB03","2","0","1"
"0","423","Sizes Available","","","Sizes MBC01","2","0","1"
"0","114","Sizes Available","","","Sizes MF01","2","0","1"
"0","115","Sizes Available","","","Sizes MF02","2","0","1"
"0","1505","Choose Size","","","Sizes ONE SHOT 100L","2","0","1"
"0","1506","Choose Size","","","Sizes ONE SHOT 101L","2","0","1"
"0","1507","Choose Size","","","Sizes ONE SHOT 102L","2","0","1"
"0","1508","Choose Size","","","Sizes ONE SHOT 103L","2","0","1"
"0","1509","Choose Size","","","Sizes ONE SHOT 104L","2","0","1"
"0","1510","Choose Size","","","Sizes ONE SHOT 106L","2","0","1"
"0","1511","Choose Size","","","Sizes ONE SHOT 108L","2","0","1"
"0","1512","Choose Size","","","Sizes ONE SHOT 109L","2","0","1"
"0","1513","Choose Size","","","Sizes ONE SHOT 110L","2","0","1"
"0","1514","Choose Size","","","Sizes ONE SHOT 111L","2","0","1"
"0","1515","Choose Size","","","Sizes ONE SHOT 114L","2","0","1"
"0","1516","Choose Size","","","Sizes ONE SHOT 115L","2","0","1"
"0","1517","Choose Size","","","Sizes ONE SHOT 116L","2","0","1"
"0","1518","Choose Size","","","Sizes ONE SHOT 117L","2","0","1"
"0","1519","Choose Size","","","Sizes ONE SHOT 118L","2","0","1"
"0","1520","Choose Size","","","Sizes ONE SHOT 120L","2","0","1"
"0","1521","Choose Size","","","Sizes ONE SHOT 124L","2","0","1"
"0","1522","Choose Size","","","Sizes ONE SHOT 130L","2","0","1"
"0","1523","Choose Size","","","Sizes ONE SHOT 132L","2","0","1"
"0","1524","Choose Size","","","Sizes ONE SHOT 134L","2","0","1"
"0","1525","Choose Size","","","Sizes ONE SHOT 141L","2","0","1"
"0","1526","Choose Size","","","Sizes ONE SHOT 142L","2","0","1"
"0","1527","Choose Size","","","Sizes ONE SHOT 143L","2","0","1"
"0","1528","Choose Size","","","Sizes ONE SHOT 144L","2","0","1"
"0","1529","Choose Size","","","Sizes ONE SHOT 148L","2","0","1"
"0","1530","Choose Size","","","Sizes ONE SHOT 149L","2","0","1"
"0","1531","Choose Size","","","Sizes ONE SHOT 150L","2","0","1"
"0","1533","Choose Size","","","Sizes ONE SHOT 151L","2","0","1"
"0","1532","Choose Size","","","Sizes ONE SHOT 152L","2","0","1"
"0","1534","Choose Size","","","Sizes ONE SHOT 153L","2","0","1"
"0","1536","Choose Size","","","Sizes ONE SHOT 154L","2","0","1"
"0","1535","Choose Size","","","Sizes ONE SHOT 155L","2","0","1"
"0","1537","Choose Size","","","Sizes ONE SHOT 156L","2","0","1"
"0","1538","Choose Size","","","Sizes ONE SHOT 157L","2","0","1"
"0","1539","Choose Size","","","Sizes ONE SHOT 158L","2","0","1"
"0","1540","Choose Size","","","Sizes ONE SHOT 160L","2","0","1"
"0","1541","Choose Size","","","Sizes ONE SHOT 161L","2","0","1"
"0","1542","Choose Size","","","Sizes ONE SHOT 162L","2","0","1"
"0","1543","Choose Size","","","Sizes ONE SHOT 163L","2","0","1"
"0","1544","Choose Size","","","Sizes ONE SHOT 164L","2","0","1"
"0","1545","Choose Size","","","Sizes ONE SHOT 165L","2","0","1"
"0","1546","Choose Size","","","Sizes ONE SHOT 168L","2","0","1"
"0","1547","Choose Size","","","Sizes ONE SHOT 191L","2","0","1"
"0","1548","Choose Size","","","Sizes ONE SHOT 193L","2","0","1"
"0","1549","Choose Size","","","Sizes ONE SHOT 195L","2","0","1"
"0","1550","Choose Size","","","Sizes ONE SHOT 199L","2","0","1"
"0","1551","Choose Size","","","Sizes ONE SHOT 200 Fl. Colors","2","0","1"
"0","1625","Choose Size","","","Sizes ONE SHOT 200 Fl. Colors (Q - O/S)","2","0","1"
"0","1626","Choose Size","","","Sizes ONE SHOT 200 Fl. Colors (QP - O/S)","2","0","1"
"0","476","Choose Size","","","Sizes ONE SHOT 4001","2","0","1"
"0","477","Choose Size","","","Sizes ONE SHOT 4002","2","0","1"
"0","1094","Choose Size","","","Sizes ONE SHOT 4007L","2","0","1"
"0","997","Sizes Available","","","Sizes RTS KK","2","0","1"
"0","1104","Sizes Available","","","Sizes RTS KK (25)","2","0","1"
"0","102","Sizes Available","","","Sizes RU101","2","0","1"
"0","100","Sizes Available","","","Sizes RU300","2","0","1"
"0","96","Sizes Available","","","Sizes RU310","2","0","1"
"0","97","Sizes Available","","","Sizes RU311","2","0","1"
"0","98","Sizes Available","","","Sizes RU312","2","0","1"
"0","1477","Sizes Available BC","","","Sizes S2-BC07","2","0","1"
"0","1476","Sizes Available BC","","","Sizes S2-BC08","2","0","1"
"0","284","Sizes Available FBC","","","Sizes S2-FBC02","2","0","1"
"0","105","Sizes Available","","","Sizes UC03","2","0","1"
"0","92","Sizes Available","","","Sizes UC35","2","0","1"
"0","93","Sizes Available","","","Sizes UFC35","2","0","1"
"0","81","Sizes Available","","","Sizes UK01","2","0","1"
"0","82","Sizes Available","","","Sizes UK04","2","0","1"
"0","83","Sizes Available","","","Sizes UK05","2","0","1"
"0","84","Sizes Available","","","Sizes UK08","2","0","1"
"0","116","Sizes Available","","","Sizes UMF01-UMF02","2","0","1"
"0","117","Sizes Available","","","Sizes UMF03","2","0","1"
"0","118","Sizes Available","","","Sizes UMF04","2","0","1"
"0","152","Size Options","","","Sizes Vega 2000","2","0","1"
"0","238","Sizes Available","","","Sizes-10 Sword","2","0","1"
"0","749","Select Quantity","","","Sizes-16001","2","0","1"
"0","750","Please Select","","","Sizes-16115","2","0","1"
"0","213","Choose Size","","","Sizes-253A","2","0","1"
"0","214","Choose Size","","","Sizes-254B","2","0","1"
"0","210","Choose Size","","","Sizes-255A","2","0","1"
"0","212","Choose Size","","","Sizes-257C","2","0","1"
"0","700","Sizes Available","","","Sizes-30 Dagger","2","0","1"
"0","1241","Sizes Available","","","Sizes-30 Series Mack","2","0","1"
"0","177","Choose Size","","","Sizes-4004/4007","2","0","1"
"0","1052","Choose Size","","","Sizes-4007","2","0","1"
"0","178","Choose Size","","","Sizes-4008","2","0","1"
"0","179","Choose Size","","","Sizes-4009","2","0","1"
"0","328","Select Size","","","Sizes-4010","2","0","1"
"0","327","Select Size","","","Sizes-4011","2","0","1"
"0","1288","Select Size","","","Sizes-4013","2","0","1"
"0","1473","Choose Size","","","Sizes-4100 Chrome O/S","2","0","1"
"0","1160","Choose Size","","","Sizes-4100 Gold","2","0","1"
"0","161","Choose Size","","","Sizes-4200","2","0","1"
"0","1117","Choose Size","","","Sizes-4200 16 & 32","2","0","1"
"0","1110","Choose Size","","","Sizes-4200 16oz only","2","0","1"
"0","1434","Choose Size","","","Sizes-4200 32 only","2","0","1"
"0","1134","Choose Size","","","Sizes-4200 4 & 32","2","0","1"
"0","1004","Choose Size","","","Sizes-4200 4&16 only","2","0","1"
"0","427","Choose Size","","","Sizes-4200 Fluorescent","2","0","1"
"0","163","Choose Size","","","Sizes-4300 IR","2","0","1"
"0","1444","Choose Size","","","Sizes-4300 IR 16","2","0","1"
"0","909","Choose Size","","","Sizes-4300 IR 16/32","2","0","1"
"0","1445","Choose Size","","","Sizes-4300 IR 32","2","0","1"
"0","1006","Choose Size","","","Sizes-4300 IR 4/16","2","0","1"
"0","1446","Choose Size","","","Sizes-4300 IR 4/32","2","0","1"
"0","1443","Choose Size","","","Sizes-4300 IR 4oz","2","0","1"
"0","162","Choose Size","","","Sizes-4300 P/Met","2","0","1"
"0","1093","Choose Size","","","Sizes-4300 P/Met 16/32 ONLY","2","0","1"
"0","1442","Choose Size","","","Sizes-4300 P/Met 16oz","2","0","1"
"0","1053","Choose Size","","","Sizes-4300 P/Met 32","2","0","1"
"0","1041","Choose Size","","","Sizes-4300 P/Met 4/16","2","0","1"
"0","1440","Choose Size","","","Sizes-4300 P/Met 4/32 only","2","0","1"
"0","1441","Choose Size","","","Sizes-4300 P/Met 4oz","2","0","1"
"0","1005","Choose Size","","","Sizes-4300 P/Met NO GAL","2","0","1"
"0","1448","Choose Size","","","Sizes-4400 Flair 16","2","0","1"
"0","1449","Choose Size","","","Sizes-4400 Flair 4","2","0","1"
"0","1447","Choose Size","","","Sizes-4400 Flair 4/16","2","0","1"
"0","164","Choose Size","","","Sizes-4400 Gem","2","0","1"
"0","1451","Choose Size","","","Sizes-4400 Hi-Lite +32","2","0","1"
"0","1453","Choose Size","","","Sizes-4400 Hi-Lite 16","2","0","1"
"0","1452","Choose Size","","","Sizes-4400 Hi-Lite 4","2","0","1"
"0","426","Choose Size","","","Sizes-4400 Hi-Lite 4/16","2","0","1"
"0","165","Choose Size","","","Sizes-4440/4445","2","0","1"
"0","166","Choose Size","","","Sizes-4441","2","0","1"
"0","167","Choose Size","","","Sizes-4442","2","0","1"
"0","168","Choose Size","","","Sizes-4443","2","0","1"
"0","169","Choose Size","","","Sizes-4444","2","0","1"
"0","170","Choose Size","","","Sizes-4446","2","0","1"
"0","1450","Choose Size","","","Sizes-4446 16oz","2","0","1"
"0","1163","Choose Size","","","Sizes-4500 16/32 only","2","0","1"
"0","1284","Choose Size","","","Sizes-4500 32 only","2","0","1"
"0","173","Choose Size","","","Sizes-4520-26/4501-07","2","0","1"
"0","1455","Choose Size","","","Sizes-4520-26/4501-07 +32","2","0","1"
"0","1454","Choose Size","","","Sizes-4520-26/4501-07 16 ONLY","2","0","1"
"0","1634","Choose Size","","","Sizes-4520-26/4501-07 16/32","2","0","1"
"0","1465","Choose Size","","","Sizes-4520-26/4501-07 4oz ONLY","2","0","1"
"0","171","Choose Size","","","Sizes-4580/86/88","2","0","1"
"0","1483","Choose Size","","","Sizes-4580/86/88 *16/32 ONLY","2","0","1"
"0","172","Choose Size","","","Sizes-4581-85/4587/89-90","2","0","1"
"0","1435","Choose Size","","","Sizes-4581-85/4587/89-90 *32oz ONLY","2","0","1"
"0","1412","Choose Size","","","Sizes-4581-85/4587/89-90 16/32","2","0","1"
"0","1456","Choose Size","","","Sizes-4581-85/4587/89-90 4/32","2","0","1"
"0","1458","Choose Size","","","Sizes-4600 16/32","2","0","1"
"0","1105","Choose Size","","","Sizes-4600 16oz","2","0","1"
"0","1459","Choose Size","","","Sizes-4600 32","2","0","1"
"0","1457","Choose Size","","","Sizes-4600 4/16","2","0","1"
"0","175","Choose Size","","","Sizes-4600 4oz","2","0","1"
"0","222","Sizes Available","","","Sizes-838","2","0","1"
"0","183","Choose Size","","","Sizes-Aeroflash","2","0","1"
"0","224","Sizes Available","","","Sizes-AJ","2","0","1"
"0","202","Choose Size","","","Sizes-Aqua","2","0","1"
"0","1055","Choose Size","","","Sizes-Aqua Flow Hot Tracer (16/32)","2","0","1"
"0","1472","Choose Size","","","Sizes-Aqua Flow Hot/Op (16)","2","0","1"
"0","1034","Choose Size","","","Sizes-Aqua Flow Hot/Op (16/32)","2","0","1"
"0","960","Choose Size","","","Sizes-Aqua Flow Hot/Op (16/32/G)","2","0","1"
"0","1661","Choose Size","","","Sizes-Aqua Flow Hot/Op (32)","2","0","1"
"0","1040","Choose Size","","","Sizes-Aqua Flow Hot/Op (4/16/32)","2","0","1"
"0","962","Choose Size","","","Sizes-Aqua Flow Hot/Op (4/16/32/G)","2","0","1"
"0","1033","Choose Size","","","Sizes-Aqua Flow Hot/Op (8/16/32)","2","0","1"
"0","961","Choose Size","","","Sizes-Aqua Flow Hot/Op (8/16/32/G)","2","0","1"
"0","204","Choose Size","","","Sizes-Aqua Flow Hot/Op (ALL)","2","0","1"
"0","1038","Choose Size","","","Sizes-Aqua Flow Hot/Op (NO Gal)","2","0","1"
"0","1662","Choose Size","","","Sizes-Aqua Flow Hot/Op BLUE/AQUA (16)","2","0","1"
"0","1344","Choose Size","","","Sizes-Aqua Flow Hot/Op BLUE/AQUA (16/32)","2","0","1"
"0","1648","Choose Size","","","Sizes-Aqua Flow T (16)","2","0","1"
"0","1035","Choose Size","","","Sizes-Aqua Flow T (16/32)","2","0","1"
"0","203","Choose Size","","","Sizes-Aqua Flow T (16/32/G)","2","0","1"
"0","1663","Choose Size","","","Sizes-Aqua Flow T (32)","2","0","1"
"0","1036","Choose Size","","","Sizes-Aqua Flow T (4/16/32)","2","0","1"
"0","966","Choose Size","","","Sizes-Aqua Flow T (4/16/32/G)","2","0","1"
"0","1037","Choose Size","","","Sizes-Aqua Flow T (8/16/32)","2","0","1"
"0","965","Choose Size","","","Sizes-Aqua Flow T (8/16/32/G)","2","0","1"
"0","963","Choose Size","","","Sizes-Aqua Flow T (ALL)","2","0","1"
"0","1039","Choose Size","","","Sizes-Aqua Flow T (NO Gal)","2","0","1"
"0","324","Select Size","","","Sizes-Aztek Gravity Side","2","0","1"
"0","323","Select Size","","","Sizes-Aztek Side","2","0","1"
"0","624","Choose Size","","","Sizes-BC KIT","2","0","1"
"0","298","Sizes Available","","","Sizes-Black blanks","2","0","1"
"0","903","Select Gun","","","Sizes-BLKLPH400","2","0","1"
"0","899","Select Gun","","","Sizes-BLKLPH50","2","0","1"
"0","900","Select Gun","","","Sizes-BLKLPH80","2","0","1"
"0","902","Select Gun","","","Sizes-BLKLS400","2","0","1"
"0","1089","Select Gun","","","Sizes-BLKLS400E","2","0","1"
"0","901","Select Gun","","","Sizes-BLKRG3","2","0","1"
"0","307","Please Select","","","Sizes-Blue Fine Line","2","0","1"
"0","237","Sizes Available","","","Sizes-Bpres","2","0","1"
"0","326","Select Size","","","Sizes-Canvas 1/2","2","0","1"
"0","325","Select Size","","","Sizes-Canvas 1-1/2","2","0","1"
"0","686","Choose Size","","","Sizes-CM6","2","0","1"
"0","180","Choose Size","","","Sizes-Comart","2","0","1"
"0","1149","Choose Size","","","Sizes-Comart 4 & 16","2","0","1"
"0","1627","Choose Size","","","Sizes-Comart 4oz Only","2","0","1"
"0","182","Choose Size","","","Sizes-Comart Cleaner","2","0","1"
"0","670","Choose Size","","","Sizes-Createx Fluor. Set","2","0","1"
"0","672","Choose Size","","","Sizes-Createx Iridescent Set","2","0","1"
"0","669","Choose Size","","","Sizes-Createx Op. Set","2","0","1"
"0","671","Choose Size","","","Sizes-Createx Pearl Set","2","0","1"
"0","668","Choose Size","","","Sizes-Createx Trans Set","2","0","1"
"0","590","Select Size","","","Sizes-Crescent 9208","2","0","1"
"0","229","Sizes Available","","","Sizes-DC Flatliner","2","0","1"
"0","1085","Sizes Available","","","Sizes-DC MM","2","0","1"
"0","1086","Sizes Available","","","Sizes-DC MS","2","0","1"
"0","702","Choose Size","","","Sizes-Dura","2","0","1"
"0","684","Choose Size","","","Sizes-Evercoat Car Cover","2","0","1"
"0","241","Sizes Available","","","Sizes-F/L","2","0","1"
"0","655","Choose Size","","","Sizes-FBC KIT","2","0","1"
"0","189","Choose Size","","","Sizes-Frosty Pearls","2","0","1"
"0","245","Sizes Available","","","Sizes-Glawson","2","0","1"
"0","206","Choose Size","","","Sizes-Grafix Frisk Roll","2","0","1"
"0","600","Choose Size","","","Sizes-Grafix Frisk Sheet","2","0","1"
"0","308","Select Size","","","Sizes-Green Fine Line","2","0","1"
"0","309","Please Select","","","Sizes-Green Masking Tape","2","0","1"
"0","140","Available In These Sizes","","","Sizes-H","2","0","1"
"0","226","Sizes Available","","","Sizes-Hannukaine","2","0","1"
"0","913","Select Size","","","Size-Shirts","2","0","1"
"0","1090","Select Size","","","Size-Shirts Red/Ivory","2","0","1"
"0","504","Select Size","","","Size-Shirts Staff","2","0","1"
"0","142","Sizes Available","","","Sizes-HOSEMT","2","0","1"
"0","235","Sizes Available","","","Sizes-Iridescent","2","0","1"
"0","246","Sizes Available","","","Sizes-Jet Stroke","2","0","1"
"0","430","Select Size","","","Sizes-Kafk Script","2","0","1"
"0","856","Choose Size","","","Sizes-Kafka Brush Oil","2","0","1"
"0","234","Sizes Available","","","Sizes-Kafka Long","2","0","1"
"0","233","Sizes Available","","","Sizes-Kafka Signature","2","0","1"
"0","1471","Sizes Available","","","Sizes-Kafka Signature O/S","2","0","1"
"0","592","Choose Size","","","Sizes-Kafka Smooth Stroke","2","0","1"
"0","569","Sizes Available","","","Sizes-KBC (17,19)","2","0","1"
"0","620","Choose Size","","","Sizes-KBC KIT","2","0","1"
"0","622","Choose Size","","","Sizes-KK KIT","2","0","1"
"0","619","Choose Size","","","Sizes-Lazer Line Heads","2","0","1"
"0","591","Select Size","","","Sizes-Letramax Hot Pres","2","0","1"
"0","334","Select Size","","","Sizes-LPH100","2","0","1"
"0","428","Select Size","","","Sizes-LPH300","2","0","1"
"0","335","Select Size","","","Sizes-LPH400","2","0","1"
"0","431","Select Size","","","Sizes-LPH400-LVB","2","0","1"
"0","576","Select Size & Cup","","","Sizes-LPH400LVX","2","0","1"
"0","867","Select Size","","","Sizes-LPH400SCS","2","0","1"
"0","337","Select Size","","","Sizes-LPH50","2","0","1"
"0","429","Select Size","","","Sizes-LPH80","2","0","1"
"0","866","Select Size","","","Sizes-LPH80SCS","2","0","1"
"0","240","Sizes Available","","","Sizes-M/B","2","0","1"
"0","239","Sizes Available","","","Sizes-M/L","2","0","1"
"0","243","Sizes Available","","","Sizes-Mach1","2","0","1"
"0","626","Choose Size","","","Sizes-MB KIT","2","0","1"
"0","625","Choose Size","","","Sizes-MBC KIT","2","0","1"
"0","639","Choose Size","","","Sizes-NE KIT","2","0","1"
"0","249","Lenghts Available","","","Sizes-Paasche Hose","2","0","1"
"0","236","Sizes Available","","","Sizes-Pearl Createx","2","0","1"
"0","314","Sizes Available","","","Sizes-Poly Brush","2","0","1"
"0","315","Sizes Available","","","Sizes-Poly Roller","2","0","1"
"0","1087","Sizes Available","","","Sizes-QM-D","2","0","1"
"0","227","Sizes Available","","","Sizes-Quinn Brown","2","0","1"
"0","228","Sizes Available","","","Sizes-Quinn Grey","2","0","1"
"0","184","Choose Size","","","Sizes-Regular Flake","2","0","1"
"0","906","Choose Size","","","Sizes-Regular Flake 4oz / 6oz","2","0","1"
"0","338","Select Size","","","Sizes-RG3","2","0","1"
"0","316","Sizes Available","","","Sizes-Roller Handle","2","0","1"
"0","701","Choose Size","","","Sizes-S/B","2","0","1"
"0","1645","Choose Size","","","Sizes-S/B 4oz","2","0","1"
"0","673","Choose Size","","","Sizes-SAS Respirator","2","0","1"
"0","685","Choose Size","","","Sizes-SBMM","2","0","1"
"0","247","Sizes Available","","","Sizes-Series 127","2","0","1"
"0","424","Sizes Available","","","Sizes-Series 20","2","0","1"
"0","425","Sizes Available","","","Sizes-Series 522","2","0","1"
"0","253","Sizes Available","","","Sizes-Series 75","2","0","1"
"0","859","Sizes Available","","","Sizes-Series K13","2","0","1"
"0","912","Sizes Available","","","Sizes-Series Squatch Watch","2","0","1"
"0","621","Choose Size","","","Sizes-SG KIT","2","0","1"
"0","185","Choose Suze","","","Sizes-Shifty 1/2/3/5","2","0","1"
"0","186","Choose Size","","","Sizes-Shifty Flake","2","0","1"
"0","317","Sizes Available","","","Sizes-Smoothie","2","0","1"
"0","190","Choose Size","","","Sizes-Special/Ghost Pearls","2","0","1"
"0","223","Sizes Available","","","Sizes-SwirlyQ","2","0","1"
"0","201","Choose Size","","","Sizes-Tattoo","2","0","1"
"0","310","Choose Size","","","Sizes-Tip Flow","2","0","1"
"0","205","Choose Size","","","Sizes-Top Binder","2","0","1"
"0","15","Sizes Available","","","Sizes-Trans/Flo/Opaque Createx","2","0","1"
"0","1616","Sizes Available","","","Sizes-Trans/Flo/Opaque Createx - 16 O/S","2","0","1"
"0","1664","Sizes Available","","","Sizes-Trans/Flo/Opaque Createx - 16/32 O/S","2","0","1"
"0","1633","Sizes Available","","","Sizes-Trans/Flo/Opaque Createx - 32 O/S","2","0","1"
"0","20","Sizes","","","Sizes-Transparent Base","2","0","1"
"0","231","Sizes Available","","","Sizes-Typhoon","2","0","1"
"0","181","Choose Size","","","Sizes-Varnish","2","0","1"
"0","254","Chooses Nozzle Size","","","Sizes-Vega 2000","2","0","1"
"0","329","Select Size","","","Sizes-Velvet Tool","2","0","1"
"0","989","Choose Size","","","Sizes-Virtus KIT","2","0","1"
"0","207","Choose Size","","","Sizes-Virtus MS","2","0","1"
"0","225","Sizes Available","","","Sizes-Virus","2","0","1"
"0","139","Available In These Sizes","","","Sizes-VL","2","0","1"
"0","230","Sizes Available","","","Sizes-Vortex","2","0","1"
"0","339","Select Size","","","Sizes-W100","2","0","1"
"0","336","Select Size","","","Sizes-W400","2","0","1"
"0","682","Select Size","","","Sizes-W400LV","2","0","1"
"0","1364","Select Size","","","Sizes-W400WBX","2","0","1"
"0","873","Choose Size","","","Sizes-Wicked Cleaner","2","0","1"
"0","651","Choose Size","","","Sizes-Wicked Reducer","2","0","1"
"0","716","Choose Size","","","Sizes-Wicked Trans Base","2","0","1"
"0","232","Sizes Available","","","Sizes-Xcaliber","2","0","1"
"0","998","Select Size","","","Sizes-Yurek 4 & 16","2","0","1"
"0","1143","Select Size","","","Sizes-Yurek 4 & 16 TOPCOAT","2","0","1"
"0","330","Select Size","","","Sizes-Yurek 4, 16 & 32","2","0","1"
"0","1141","Select Size","","","Sizes-Yurek Flo/Met 4 & 32","2","0","1"
"0","1376","Select Combo","","","Skull Cap Combo 2PK","2","0","1"
"0","1118","Sizes Available","","","Smoothie 2","2","0","1"
"0","1366","Select Color","","","Speed Shapes Color","2","4","1"
"0","1367","Select Quantity","","","Speed Shapes Qty","2","4","1"
"0","1474","Select Quantity","","","Speed Shapes Qty CLEAR","2","4","1"
"0","349","Select Size","","","Spray Mask","2","0","1"
"0","1395","Select Hardener","","","Spray Max Nozzles 3746214","2","0","1"
"0","809","Select Sheen","","","Spray Max Trim Black","2","0","1"
"0","318","Select Color","","","Staedtler","2","0","1"
"0","661","Choose Paint","","","Starter Makeup Kit","2","0","1"
"0","648","Select Burner","","","Stencil Burner","2","0","1"
"0","348","Select Size","","","Stencil Pellon","2","0","1"
"0","360","Select Strainer Mesh","","","Strainers","2","0","1"
"0","804","Select Strainer KIT","","","Strainers KIT","2","0","1"
"0","345","Select Size","","","Stretch Mask F101 F102","2","0","1"
"0","990","Select Size","","","Super Nova Entech","2","0","1"
"0","721","Select Size","","","Super Nova LS","2","0","1"
"0","722","Super Nova WS","","","Super Nova WS","2","0","1"
"0","415","Select Size","","","System One Perfect Cut","2","0","1"
"0","807","Select Size","","","System One Pro Cut","2","0","1"
"0","929","Select Size","","","System One Production Cut HD","2","0","1"
"0","1156","Select Hardener","","","Tamco Hardener for HC2104-G  (HH-7600 Series)","2","0","1"
"0","1164","Select Hardener","","","Tamco Hardener for HC2104-Q  (HH-7600 Series)","2","0","1"
"0","1400","Select Hardener","","","Tamco Hardener for HC2105 Gallon Kit","2","0","1"
"0","1401","Select Hardener","","","Tamco Hardener for HC2105 Quart Kit","2","0","1"
"0","1166","Select Hardener","","","Tamco Hardener for HC9500-G  (HH-7600 Series)","2","0","1"
"0","1165","Select Hardener","","","Tamco Hardener for HC9500-Q  (HH-7600 Series)","2","0","1"
"0","1167","Select Hardener","","","Tamco Hardener for HI-IMPACT-G  (HH-7600 Series)","2","0","1"
"0","1168","Select Hardener","","","Tamco Hardener for HI-IMPACT-Q  (HH-7600 Series)","2","0","1"
"0","1405","Optional Reducer","","","Tamco Reducer for Gallon Mixing","-2","0","1"
"0","1402","Optional Reducer","","","Tamco Reducer for HC2105 Gallon Kit","-2","0","1"
"0","1403","Optional Reducer","","","Tamco Reducer for HC2105 Quart Kit","-2","0","1"
"0","657","Choose Size","","","Tekna HVLP Waterborne","2","0","1"
"0","1462","Select Finish","","","The Last Gun Rack Color","2","0","1"
"0","1276","Additional Trigger Options","","","Trigger Options CM (A/B/SB/C)","-2","0","0"
"0","1277","Additional Trigger Options","","","Trigger Options CM (C+)","-2","0","0"
"0","1275","Additional Trigger Options","","","Trigger Options CM (V2)","-2","0","0"
"0","1282","Additional Trigger Options","","","Trigger Options CM (V2) BLACK-OPS Coated","-2","0","0"
"0","1280","Additional Trigger Options","","","Trigger Options Eclipse/Revolution","-2","0","0"
"0","1281","Additional Trigger Options","","","Trigger Options Eclipse/Revolution - BLACK-OPS Coated","-2","0","0"
"0","513","Additional Trigger Options","","","Trigger Options HP(A/B/SB)","-2","0","0"
"0","1273","Additional Trigger Options","","","Trigger Options HP(C/ All Hi Line)","-2","0","0"
"0","1278","Additional Trigger Options","","","Trigger Options Kustom (CM/CH)","-2","0","0"
"0","1279","Additional Trigger Options","","","Trigger Options Kustom (CS)","-2","0","0"
"0","1132","Select Catalyst","","","UA Catalyst","2","0","1"
"0","435","Select Size","","","Ultra Mask","2","0","1"
"0","409","Select Grit","","","Unigrit","2","0","1"
"0","747","Optional Upgrades","","","Upgrades Avanti","-2","0","1"
"0","854","Trigger Upgrades","","","Upgrades-CM-C+ (Round Button)","-2","0","0"
"0","972","Round Button Trigger","","","Upgrades-CM-C+ (sig. series coated)","-2","0","0"
"0","1027","Trigger Upgrades","","","Upgrades-CM-C+ (Square Trig)","-2","0","0"
"0","1015","Square Button Trigger","","","Upgrades-CM-KCM (sig. series coated)","-2","0","0"
"0","154","Optional Upgrades","","","Upgrades-HP c, bc","-2","0","0"
"0","537","Select Thread","","","URP","2","0","1"
"0","1224","Abrasive Pads","","","Valley Kustoms Sand Discs","-2","4","1"
"0","1227","Abrasive Pads","","","Valley Kustoms Sand Discs SINGLES","-2","4","1"
"0","1239","Choose Size","","","Valley Kustoms Sizing","2","0","1"
"0","949","Vintage Flatz","","","Vintage Activator","2","0","1"
"0","948","Vintage Flatz","","","Vintage Activator Flat","2","0","1"
"0","440","Select Size","","","Virus II","2","0","1"
"0","369","Select Size","","","VL Glass","2","0","1"
"0","1429","Select Size Option","","","VsionAir Canvas Jig","2","0","1"
"0","1427","Select Style","","","VsionAir Independent Airbrush Workstation A3/A4","2","0","1"
"0","1431","Optional Table Clamp","","","VsionAir Table Clamp","-2","0","1"
"0","1428","Select Size Option","","","VsionAir Toolbar Rig","2","0","1"
"0","1430","Optional Feet","","","VsionAir Tripod Crown Feet","-2","0","1"
"0","812","Select Gun Size","","","W101AG","2","0","1"
"0","1133","Choose Size","","","W357 Sizes","2","0","1"
"0","1665","Choose Size","","","Wicked Cosmic Sparkle Colors","2","0","1"
"0","715","Choose Size","","","Wicked Detail Colors","2","0","1"
"0","1112","Choose Size","","","Wicked Detail Universal Fleshtone","2","0","1"
"0","736","Choose Size","","","Wicked FL Colors","2","0","1"
"0","1635","Choose Size","","","Wicked FL Colors 32 O/S","2","0","1"
"0","1668","Choose Size","","","Wicked Flair Colors","2","0","1"
"0","1669","Choose Size","","","Wicked Flair Silver Spectrum","2","0","1"
"0","904","Choose Size","","","Wicked Flat White","2","0","1"
"0","1136","Choose Size","","","Wicked Gloss Black W018","2","0","1"
"0","1647","Choose Size","","","Wicked Gloss White W017","2","0","1"
"0","793","Choose Size","","","Wicked glow","2","0","1"
"0","1113","Choose Size","","","wicked glow white (no 8oz)","2","0","1"
"0","1667","Choose Size","","","Wicked Hi-Lite Colors","2","0","1"
"0","1666","Choose Size","","","Wicked Hot Rod Sparkle Colors","2","0","1"
"0","1479","Choose Size","","","Wicked Metallic (Actress Gold) Colors","2","0","1"
"0","1408","Choose Size","","","Wicked Opaque Black/White","2","0","1"
"0","1407","Choose Size","","","Wicked Opaque Colors","2","0","1"
"0","746","Choose Size","","","Wicked Pearl, Metallic, Aluminum Colors","2","0","1"
"0","647","Choose Size","","","Wicked Transparent Colors","2","0","1"
"0","930","Select Size","","","Wood Canvas 1-1/2","2","0","1"
"0","411","Select Package QTY","","","X-2010","2","0","1"
"0","523","Select Size","","","Xtreme 5170","2","0","1"
"0","525","Select Size","","","Xtreme 5182","2","0","1"
